{
    "comment": "Camera MetaData",
    "version": 1,
    "fileType": "CameraMetaData",

    "cameraMetaData": [
        {
            "canonicalName": "Canon S100 PowerShot",
            "brand": "Canon",
            "model": "S100 PowerShot",
            "sensorWidth": 7.6,
            "sensorHeight": 5.7,
            "imageWidth": 4000,
            "imageHeight": 3000,
            "focalLength": 5.2,
            "landscape": true,
            "fixedOrientation": false,
            "minTriggerInterval": 0,
            "deprecatedTranslatedName": "Canon S100 PowerShot"
        },
        {
            "canonicalName": "Canon EOS-M 22mm",
            "brand": "Canon",
            "model": "EOS-M 22mm",
            "sensorWidth": 22.3,
            "sensorHeight": 14.9,
            "imageWidth": 5184,
            "imageHeight": 3456,
            "focalLength": 22,
            "landscape": true,
            "fixedOrientation": false,
            "minTriggerInterval": 0,
            "deprecatedTranslatedName": "Canon EOS-M 22mm"
        },
        {
            "canonicalName": "Canon G9 X PowerShot",
            "brand": "Canon",
            "model": "G9 X PowerShot",
            "sensorWidth": 13.2,
            "sensorHeight": 8.8,
            "imageWidth": 5488,
            "imageHeight": 3680,
            "focalLength": 10.2,
            "landscape": true,
            "fixedOrientation": false,
            "minTriggerInterval": 0,
            "deprecatedTranslatedName": "Canon G9 X PowerShot"
        },
        {
            "canonicalName": "Canon SX260 HS PowerShot",
            "brand": "Canon",
            "model": "SX260 HS PowerShot",
            "sensorWidth": 6.17,
            "sensorHeight": 4.55,
            "imageWidth": 4000,
            "imageHeight": 3000,
            "focalLength": 4.5,
            "landscape": true,
            "fixedOrientation": false,
            "minTriggerInterval": 0,
            "deprecatedTranslatedName": "Canon SX260 HS PowerShot"
        },
        {
            "canonicalName": "GoPro Hero 4",
            "brand": "GoPro",
            "model": "Hero 4",
            "sensorWidth": 6.17,
            "sensorHeight": 4.55,
            "imageWidth": 4000,
            "imageHeight": 3000,
            "focalLength": 2.98,
            "landscape": true,
            "fixedOrientation": false,
            "minTriggerInterval": 0,
            "deprecatedTranslatedName": "GoPro Hero 4"
        },
        {
            "canonicalName": "Parrot Sequioa RGB",
            "brand": "Parrot",
            "model": "Sequioa RGB",
            "sensorWidth": 6.17,
            "sensorHeight": 4.63,
            "imageWidth": 4608,
            "imageHeight": 3456,
            "focalLength": 4.9,
            "landscape": true,
            "fixedOrientation": false,
            "minTriggerInterval": 1,
            "deprecatedTranslatedName": "Parrot Sequioa RGB"
        },
        {
            "canonicalName": "Parrot Sequioa Monochrome",
            "brand": "Parrot",
            "model": "Sequioa Monochrome",
            "sensorWidth": 4.8,
            "sensorHeight": 3.6,
            "imageWidth": 1280,
            "imageHeight": 960,
            "focalLength": 4.0,
            "landscape": true,
            "fixedOrientation": false,
            "minTriggerInterval": 0.8,
            "deprecatedTranslatedName": "Parrot Sequioa Monochrome"
        },
        {
            "canonicalName": "RedEdge",
            "brand": "RedEdge",
            "model": "RedEdge",
            "sensorWidth": 4.8,
            "sensorHeight": 3.6,
            "imageWidth": 1280,
            "imageHeight": 960,
            "focalLength": 5.5,
            "landscape": true,
            "fixedOrientation": false,
            "minTriggerInterval": 0,
            "deprecatedTranslatedName": "RedEdge"
        },
        {
            "canonicalName": "Ricoh GR II",
            "brand": "Ricoh",
            "model": "GR II",
            "sensorWidth": 23.7,
            "sensorHeight": 15.7,
            "imageWidth": 4928,
            "imageHeight": 3264,
            "focalLength": 18.3,
            "landscape": true,
            "fixedOrientation": false,
            "minTriggerInterval": 0,
            "deprecatedTranslatedName": "Ricoh GR II"
        },
        {
            "canonicalName": "Sentera Double 4K Sensor",
            "brand": "Sentera",
            "model": "Double 4K Sensor",
            "sensorWidth": 6.2,
            "sensorHeight": 4.65,
            "imageWidth": 4000,
            "imageHeight": 3000,
            "focalLength": 5.4,
            "landscape": true,
            "fixedOrientation": false,
            "minTriggerInterval": 0.8,
            "deprecatedTranslatedName": "Sentera Double 4K Sensor"
        },
        {
            "canonicalName": "Sentera NDVI Single Sensor",
            "brand": "Sentera",
            "model": "NDVI Single Sensor",
            "sensorWidth": 4.68,
            "sensorHeight": 3.56,
            "imageWidth": 1248,
            "imageHeight": 952,
            "focalLength": 4.14,
            "landscape": true,
            "fixedOrientation": false,
            "minTriggerInterval": 0.5,
            "deprecatedTranslatedName": "Sentera NDVI Single Sensor"
        },
        {
            "canonicalName": "Sentera 6X Sensor",
            "brand": "Sentera",
            "model": "6X Sensor",
            "sensorWidth": 6.57,
            "sensorHeight": 4.93,
            "imageWidth": 1904,
            "imageHeight": 1428,
            "focalLength": 8.0,
            "landscape": true,
            "fixedOrientation": false,
            "minTriggerInterval": 0.2,
            "deprecatedTranslatedName": ""
        },
        {
            "canonicalName": "Sentera 65R Sensor",
            "brand": "Sentera",
            "model": "65R Sensor",
            "sensorWidth": 29.9,
            "sensorHeight": 22.4,
            "imageWidth": 9344,
            "imageHeight": 7000,
            "focalLength": 27.4,
            "landscape": true,
            "fixedOrientation": false,
            "minTriggerInterval": 0.3,
            "deprecatedTranslatedName": ""
        },
        {
            "canonicalName": "Sony a6000 16mm",
            "brand": "Sony",
            "model": "a6000 16mm",
            "sensorWidth": 23.5,
            "sensorHeight": 15.6,
            "imageWidth": 6000,
            "imageHeight": 4000,
            "focalLength": 16,
            "landscape": true,
            "fixedOrientation": false,
            "minTriggerInterval": 1.0,
            "deprecatedTranslatedName": "Sony a6000 16mm"
        },
        {
            "canonicalName": "Sony a6000 35mm",
            "brand": "Sony",
            "model": "a6000 35mm",
            "sensorWidth": 23.5,
            "sensorHeight": 15.6,
            "imageWidth": 6000,
            "imageHeight": 4000,
            "focalLength": 35,
            "landscape": true,
            "fixedOrientation": false,
            "minTriggerInterval": 1.0,
            "deprecatedTranslatedName": ""
        },
        {
            "canonicalName": "Sony a6300 Zeiss 21mm f/2.8",
            "brand": "Sony",
            "model": "a6300 Zeiss 21mm f/2.8",
            "sensorWidth": 23.5,
            "sensorHeight": 15.6,
            "imageWidth": 6000,
            "imageHeight": 4000,
            "focalLength": 21,
            "landscape": true,
            "fixedOrientation": false,
            "minTriggerInterval": 1.0,
            "deprecatedTranslatedName": "Sony a6300 Zeiss 21mm f/2.8"
        },
        {
            "canonicalName": "Sony a6300 Sony 28mm f/2.0",
            "brand": "Sony",
            "model": "a6300 Sony 28mm f/2.0",
            "sensorWidth": 23.5,
            "sensorHeight": 15.6,
            "imageWidth": 6000,
            "imageHeight": 4000,
            "focalLength": 28,
            "landscape": true,
            "fixedOrientation": false,
            "minTriggerInterval": 1.0,
            "deprecatedTranslatedName": "Sony a6300 Sony 28mm f/2.0"
        },
        {
            "canonicalName": "Sony a7R II Zeiss 21mm f/2.8",
            "brand": "Sony",
            "model": "a7R II Zeiss 21mm f/2.8",
            "sensorWidth": 35.814,
            "sensorHeight": 23.876,
            "imageWidth": 7952,
            "imageHeight": 5304,
            "focalLength": 21,
            "landscape": true,
            "fixedOrientation": true,
            "minTriggerInterval": 1.0,
            "deprecatedTranslatedName": "Sony a7R II Zeiss 21mm f/2.8"
        },
        {
            "canonicalName": "Sony a7R II Sony 28mm f/2.0",
            "brand": "Sony",
            "model": "a7R II Sony 28mm f/2.0",
            "sensorWidth": 35.814,
            "sensorHeight": 23.876,
            "imageWidth": 7952,
            "imageHeight": 5304,
            "focalLength": 28,
            "landscape": true,
            "fixedOrientation": true,
            "minTriggerInterval": 1.0,
            "deprecatedTranslatedName": "Sony a7R II Sony 28mm f/2.0"
        },
        {
            "canonicalName": "Sony a7r III 35mm",
            "brand": "Sony",
            "model": "a7r III 35mm",
            "sensorWidth": 35.9,
            "sensorHeight": 24.0,
            "imageWidth": 7952,
            "imageHeight": 5304,
            "focalLength": 35,
            "landscape": true,
            "fixedOrientation": false,
            "minTriggerInterval": 1.0,
            "deprecatedTranslatedName": ""
        },
        {
            "canonicalName": "Sony a7r IV 35mm",
            "brand": "Sony",
            "model": "a7r IV 35mm",
            "sensorWidth": 35.7,
            "sensorHeight": 23.8,
            "imageWidth": 9504,
            "imageHeight": 6336,
            "focalLength": 35,
            "landscape": true,
            "fixedOrientation": false,
            "minTriggerInterval": 1.0,
            "deprecatedTranslatedName": ""
        },
        {
            "canonicalName": "Sony DSC-QX30U @ 4.3mm f/3.5",
            "brand": "Sony",
            "model": "DSC-QX30U @ 4.3mm f/3.5",
            "sensorWidth": 7.82,
            "sensorHeight": 5.865,
            "imageWidth": 5184,
            "imageHeight": 3888,
            "focalLength": 4.3,
            "landscape": true,
            "fixedOrientation": false,
            "minTriggerInterval": 2.0,
            "deprecatedTranslatedName": "Sony DSC-QX30U @ 4.3mm f/3.5"
        },
        {
            "canonicalName": "Sony DSC-RX0",
            "brand": "Sony",
            "model": "DSC-RX0",
            "sensorWidth": 13.2,
            "sensorHeight": 8.8,
            "imageWidth": 4800,
            "imageHeight": 3200,
            "focalLength": 7.7,
            "landscape": true,
            "fixedOrientation": false,
            "minTriggerInterval": 0,
            "deprecatedTranslatedName": "Sony DSC-RX0"
        },
        {
            "canonicalName": "Sony DSC-RX1R II 35mm",
            "brand": "Sony",
            "model": "DSC-RX1R II 35mm",
            "sensorWidth": 35.9,
            "sensorHeight": 24.0,
            "imageWidth": 7952,
            "imageHeight": 5304,
            "focalLength": 35,
            "landscape": true,
            "fixedOrientation": false,
            "minTriggerInterval": 1.0,
            "deprecatedTranslatedName": ""
        },
        {
            "canonicalName": "Sony ILCE-QX1",
            "brand": "Sony",
            "model": "ILCE-QX1",
            "sensorWidth": 23.2,
            "sensorHeight": 15.4,
            "imageWidth": 5456,
            "imageHeight": 3632,
            "focalLength": 16,
            "landscape": true,
            "fixedOrientation": false,
            "minTriggerInterval": 0,
            "deprecatedTranslatedName": "Sony ILCE-QX1"
        },
        {
            "canonicalName": "Sony NEX-5R 20mm",
            "brand": "Sony",
            "model": "NEX-5R 20mm",
            "sensorWidth": 23.2,
            "sensorHeight": 15.4,
            "imageWidth": 4912,
            "imageHeight": 3264,
            "focalLength": 20,
            "landscape": true,
            "fixedOrientation": false,
            "minTriggerInterval": 1,
            "deprecatedTranslatedName": "Sony NEX-5R 20mm"
        },
        {
            "canonicalName": "Sony RX100 II 28mm",
            "brand": "Sony",
            "model": "RX100 II 28mm",
            "sensorWidth": 13.2,
            "sensorHeight": 8.8,
            "imageWidth": 5472,
            "imageHeight": 3648,
            "focalLength": 10.4,
            "landscape": true,
            "fixedOrientation": false,
            "minTriggerInterval": 0,
            "deprecatedTranslatedName": "Sony RX100 II 28mm"
        },
        {
            "canonicalName": "Yuneec CGOET",
            "brand": "Yuneec",
            "model": "CGOET",
            "sensorWidth": 5.6405,
            "sensorHeight": 3.1813,
            "imageWidth": 1920,
            "imageHeight": 1080,
            "focalLength": 3.5,
            "landscape": true,
            "fixedOrientation": true,
            "minTriggerInterval": 1.3,
            "deprecatedTranslatedName": "Yuneec CGOET"
        },
        {
            "canonicalName": "Yuneec E10T",
            "brand": "Yuneec",
            "model": "E10T",
            "sensorWidth": 5.6405,
            "sensorHeight": 3.1813,
            "imageWidth": 1920,
            "imageHeight": 1080,
            "focalLength": 23,
            "landscape": true,
            "fixedOrientation": true,
            "minTriggerInterval": 1.3,
            "deprecatedTranslatedName": "Yuneec E10T"
        },
        {
            "canonicalName": "Yuneec E50",
            "brand": "Yuneec",
            "model": "E50",
            "sensorWidth": 6.2372,
            "sensorHeight": 4.7058,
            "imageWidth": 4000,
            "imageHeight": 3000,
            "focalLength": 7.2,
            "landscape": true,
            "fixedOrientation": true,
            "minTriggerInterval": 1.3,
            "deprecatedTranslatedName": "Yuneec E50"
        },
        {
            "canonicalName": "Yuneec E90",
            "brand": "Yuneec",
            "model": "E90",
            "sensorWidth": 13.3056,
            "sensorHeight": 8.656,
            "imageWidth": 5472,
            "imageHeight": 3648,
            "focalLength": 8.29,
            "landscape": true,
            "fixedOrientation": true,
            "minTriggerInterval": 1.3,
            "deprecatedTranslatedName": "Yuneec E90"
        },
        {
            "canonicalName": "Flir Duo R",
            "brand": "Flir",
            "model": "Duo R",
            "sensorWidth": 160,
            "sensorHeight": 120,
            "imageWidth": 1920,
            "imageHeight": 1080,
            "focalLength": 1.9,
            "landscape": true,
            "fixedOrientation": false,
            "minTriggerInterval": 0,
            "deprecatedTranslatedName": "Flir Duo R"
        },
        {
            "canonicalName": "Flir Duo Pro R",
            "brand": "Flir",
            "model": "Duo Pro R",
            "sensorWidth": 10.88,
            "sensorHeight": 8.704,
            "imageWidth": 640,
            "imageHeight": 512,
            "focalLength": 19,
            "landscape": true,
            "fixedOrientation": false,
            "minTriggerInterval": 1.0,
            "deprecatedTranslatedName": ""
        },
        {
            "canonicalName": "Workswell Wiris Security Thermal Camera",
            "brand": "Workswell",
            "model": "Wiris Security",
            "sensorWidth": 13.6,
            "sensorHeight": 10.2,
            "imageWidth": 800,
            "imageHeight": 600,
            "focalLength": 35,
            "landscape": true,
            "fixedOrientation": false,
            "minTriggerInterval": 1.8,
            "deprecatedTranslatedName": ""
        },
        {
            "canonicalName": "Workswell Wiris Security Visual Camera",
            "brand": "Workswell",
            "model": "Wiris Security",
            "sensorWidth": 4.826,
            "sensorHeight": 3.556,
            "imageWidth": 1920,
            "imageHeight": 1080,
            "focalLength": 4.3,
            "landscape": true,
            "fixedOrientation": false,
            "minTriggerInterval": 1.8,
            "deprecatedTranslatedName": ""
        }
    ]
}
