{
    "comment":      "ArduPilot, Multi Rotor",
    "version":      1,
    "fileType":  "MavCmdInfo",

    "mavCmdInfo": [
        {
            "id":           16,
            "comment":      "MAV_CMD_NAV_WAYPOINT",
            "paramRemove":  "3,4"
        },
        {
            "id":           21,
            "comment":      "MAV_CMD_NAV_LAND",
            "paramRemove":  "1,4"
        },
        {
            "id":           22,
            "comment":      "MAV_CMD_NAV_TAKEOFF",
            "paramRemove":  "1,2,3,4"
        }
    ]
}
