{
    "version":      1,
    "fileType":  "FactMetaData",
    "QGC.MetaData.Facts":
[
{
    "name":             "Latitude",
    "shortDesc": "Latitude of breach return point position",
    "type":             "double",
    "decimalPlaces":    7
},
{
    "name":             "Longitude",
    "shortDesc": "Longitude of breach return point position",
    "type":             "double",
    "decimalPlaces":    7
},
{
    "name":             "Altitude",
    "shortDesc": "Altitude of breach return point position (Rel)",
    "type":             "double",
    "decimalPlaces":    2,
    "units":            "m"
}
]
}
