{
    "version":      1,
    "fileType":  "FactMetaData",
    "QGC.MetaData.Facts":
[
{
    "name":             "GridAngle",
    "shortDesc": "Angle for parallel lines of grid.",
    "type":             "double",
    "units":            "deg",
    "min":              -360.0,
    "max":              360.0,
    "decimalPlaces":    1,
    "default":     0
},
{
    "name":             "FlyAlternateTransects",
    "shortDesc": "Fly every other transect in each pass.",
    "type":             "bool",
    "default":     false
},
{
    "name":             "SplitConcavePolygons",
    "shortDesc": "Split mission concave polygons into separate regular, convex polygons.",
    "type":             "bool",
    "default":     false,
    "comment":      "Although this setting is here, the code for it is disabled since it was not working."
}
]
}
